{
    "version": 1,
    "author": "Nghĩa Đỗ Đức",
    "editor": "wokwi",
    "parts": [
        {
            "type": "board-esp32-devkit-c-v4",
            "id": "esp",
            "top": 0,
            "left": -4.76,
            "attrs": {}
        },
        {
            "type": "wokwi-max7219-matrix",
            "id": "matrix1",
            "top": 259.8,
            "left": -126.96,
            "attrs": {
                "chain": "4"
            }
        },
        {
            "type": "wokwi-analog-joystick",
            "id": "joystick1",
            "top": -202.2,
            "left": -4.2,
            "attrs": {}
        },
        {
            "type": "wokwi-mpu6050",
            "id": "imu1",
            "top": 61.42,
            "left": 155.92,
            "attrs": {}
        },
        {
            "type": "wokwi-hc-sr04",
            "id": "ultrasonic1",
            "top": -190.5,
            "left": -224.9,
            "attrs": {}
        },
        {
            "type": "wokwi-stepper-motor",
            "id": "stepper1",
            "top": -53.99,
            "left": -373.97,
            "attrs": {
                "size": "17"
            }
        },
        {
            "type": "wokwi-stepper-motor",
            "id": "stepper2",
            "top": 157.21,
            "left": -373.97,
            "attrs": {
                "size": "17"
            }
        },
        {
            "type": "wokwi-a4988",
            "id": "drv1",
            "top": -14.4,
            "left": -148.8,
            "attrs": {}
        },
        {
            "type": "wokwi-a4988",
            "id": "drv2",
            "top": 100.8,
            "left": -148.8,
            "attrs": {}
        }
    ],
    "connections": [
        [
            "esp:TX",
            "$serialMonitor:RX",
            "",
            []
        ],
        [
            "esp:RX",
            "$serialMonitor:TX",
            "",
            []
        ],
        [
            "imu1:SDA",
            "esp:21",
            "green",
            [
                "v0"
            ]
        ],
        [
            "imu1:SCL",
            "esp:22",
            "green",
            [
                "v0"
            ]
        ],
        [
            "esp:3V3",
            "imu1:VCC",
            "green",
            [
                "h0.15",
                "v-28.8",
                "h240"
            ]
        ],
        [
            "imu1:GND",
            "esp:GND.2",
            "black",
            [
                "v-38.4",
                "h0.08"
            ]
        ]
    ],
    "dependencies": {}
}